frame,255,R,G,B,0
0,290880.0,0.004238861386138614,0.009498762376237624,0.03645145764576457,0.0
1,290880.0,0.0004091034103410341,0.0055968096809680965,0.000966034103410341,290880.0
2,290880.0,0.0004056655665566557,0.0,0.000966034103410341,290880.0
3,290880.0,0.0,0.0,0.0,290880.0
4,18968.0,0.0,0.0,0.0,290880.0
5,16623.0,0.0,0.0,0.0,290880.0
6,21026.0,0.0,0.0,0.0,290880.0
7,20846.0,0.0,0.0,0.0,290880.0
8,8198.0,0.0,0.0,0.0,290880.0
9,8115.0,0.0,0.0,0.0,290880.0
10,13116.0,0.0,0.0,0.0,290880.0
11,16960.0,0.0,0.0,0.0,290880.0
12,18050.0,0.0,0.0,0.0,290880.0
13,16585.0,0.0,0.0,0.0,290880.0
14,16008.0,0.0,0.0,0.0,290880.0
15,9933.0,193.7880947469747,185.51086014851487,206.82259007150716,271912.0
16,10306.0,193.82954826732674,185.51579689218923,206.86308787128712,274257.0
17,7513.0,193.8088455720572,185.50878369086908,206.84139851485148,269854.0
18,4467.0,193.606999449945,185.49713283828382,206.71745737073707,270034.0
19,4144.0,193.598676430143,185.49620805830583,206.71345915841584,282682.0
20,4374.0,193.7504366061606,185.51166460396038,206.80978754125414,282765.0
21,4594.0,193.64793729372937,185.51991886688668,206.71391639163917,277764.0
22,4312.0,193.67695269526953,185.52203314081407,206.7345262651265,273920.0
23,3850.0,193.5393736248625,185.50641845434544,206.682525440044,272830.0
24,4198.0,193.60841240374037,185.49942244224422,206.7735457920792,274295.0
25,4206.0,193.49371218371837,185.49866611661167,206.65595434543454,274872.0
26,4393.0,193.50059818481847,185.485475110011,206.67978547854784,280947.0
27,4192.0,193.47318138063807,185.4912575632563,206.6503059680968,280574.0
28,3811.0,193.44294898239824,185.488424779978,206.63119499449945,283367.0
29,3533.0,193.41115236523652,185.491948569857,206.60589933993398,286413.0
30,3635.0,193.49568206820683,185.47424367436744,206.64239892739275,286736.0
31,3296.0,193.4587149339934,185.47463558855887,206.61583814631464,286506.0
32,3171.0,193.50982879537955,185.5209467821782,206.65245118261825,286286.0
33,3284.0,193.4398308580858,185.5129847359736,206.5930452420242,286568.0
34,2975.0,193.50146452145214,185.48724903740373,206.6700495049505,287030.0
35,2908.0,193.63410341034103,185.49318963146314,206.77168248074807,286682.0
36,3265.0,193.58494224422444,185.50109667216722,206.7298645489549,286674.0
37,276207.0,193.60137513751374,185.50284997249724,206.74512169966997,286487.0
38,275798.0,193.51156146864687,185.52010794829482,206.67721053355336,286688.0
39,276007.0,193.4812946919692,185.5246252750275,206.66860561056106,287069.0
40,275898.0,193.50896589658967,185.5290050880088,206.68509007150715,287347.0
41,275955.0,193.5045345159516,185.52756463146315,206.67726210121012,287245.0
42,275368.0,193.41831683168317,185.49820200770077,206.69043935643563,287584.0
43,272654.0,193.39684062156215,185.50017189218923,206.66720297029704,287709.0
44,270106.0,193.42531971947196,185.48255294279429,206.6710842959296,287596.0
45,259207.0,193.47151058855886,185.50313187568756,206.65737761276128,287905.0
46,254927.0,193.47706270627063,185.50012376237623,206.66611661166115,287972.0
47,249028.0,193.453523789879,185.49274614961496,206.6260107260726,287615.0
48,243263.0,193.4561365511551,185.49195544554456,206.6282143839384,14673.0
49,51150.0,193.4532797029703,185.4924986248625,206.62809405940595,15082.0
50,51694.0,193.40516707920793,185.47011138613863,206.632924229923,14873.0
51,51153.0,184.64276677667766,221.84314493949395,221.80782109460947,14982.0
52,58968.0,184.66119361936194,221.84566831683168,221.81777021452146,14925.0
53,64371.0,184.71247249724973,221.84875893839384,221.8536303630363,15512.0
54,75122.0,184.7119465071507,221.84323088558855,221.84983842134213,18226.0
55,82244.0,184.51323913641363,221.72278259075907,221.70573432343235,20774.0
56,89402.0,184.42357673267327,221.68912266226621,221.61678355335533,31673.0
57,90352.0,184.2899889988999,221.64854235423542,221.60367161716172,35953.0
58,95344.0,184.27115649064908,221.64503919141913,221.5921892189219,41852.0
59,95189.0,183.79572332233224,221.1786303630363,221.12441900440044,47617.0
60,94100.0,183.75563806380637,221.17672235973598,221.10401196369637,239730.0
61,94335.0,183.75568619361937,221.1773308580858,221.09684405940595,239186.0
62,93057.0,184.20981848184817,221.5598184818482,221.6168557480748,239727.0
63,93692.0,182.69489823982397,220.1559165291529,220.4528602860286,231912.0
64,91521.0,181.70253025302532,218.89940869086908,219.1906696919692,226509.0
65,90079.0,180.68239823982398,217.63297923542353,217.88861386138615,215758.0
66,89113.0,177.1634213421342,213.94935024752476,214.07245599559957,208636.0
67,87313.0,175.4080961221122,211.67760244774476,211.6319100660066,201478.0
68,85444.0,173.8514748349835,210.68505225522551,211.11465896589658,200528.0
69,84916.0,171.94424504950496,209.5981538778878,210.7312706270627,195536.0
70,82704.0,170.56120737073707,208.901275440044,211.06240374037404,195691.0
71,82417.0,170.28958333333333,208.87102241474147,211.35672786028604,196780.0
72,80682.0,170.53030115511552,209.95430418041803,212.6231263751375,196545.0
73,77558.0,168.58908140814083,208.6612898789879,211.20406009350936,197823.0
74,74667.0,168.59525921342134,208.6620805830583,211.20861867436744,197188.0
75,67581.0,168.00900715071506,207.97694238173818,210.47060643564356,199359.0
76,69047.0,168.01893220572057,207.97491749174918,210.48075151265127,200801.0
77,68481.0,168.83800192519251,208.6301051980198,211.01077764026402,201767.0
78,67401.0,168.83991336633665,208.6315353410341,211.00936812431243,203567.0
79,66942.0,169.20182549504952,209.0905390539054,211.33726278877887,205436.0
80,193067.0,169.209024339934,209.08629675467546,211.34614273927392,205964.0
81,191490.0,169.40236179867986,209.29206201870187,211.53695338283828,208176.0
82,191270.0,169.8037850660066,209.6266089108911,211.82635451045104,208463.0
83,191148.0,169.47751650165017,209.11616817931792,211.46451457645765,210198.0
84,190813.0,169.47936949944994,209.11633663366337,211.46526746424644,213322.0
85,190479.0,169.36204620462047,208.69611179867988,211.05215209020903,216213.0
86,190205.0,169.3394630088009,208.6913056930693,211.0438428217822,223299.0
87,189993.0,169.08154221672166,207.9773549229923,210.6147689768977,221833.0
88,189365.0,169.07758182068207,207.97715209020902,210.61243124312432,222399.0
89,183999.0,169.07955858085808,207.97783278327833,210.61313600110012,223479.0
90,182272.0,169.2288538228823,207.73205445544554,210.2764129537954,223938.0
91,175661.0,169.90427667766778,208.33432687018703,210.84264301430144,97813.0
92,165953.0,169.9033862761276,208.33330239273928,210.842474559956,99390.0
93,158650.0,169.90530459295928,208.32312637513752,210.84063531353135,99610.0
94,153264.0,175.99087252475246,212.16515057755777,218.27314700220023,99732.0
95,142736.0,176.05972222222223,212.16669760726072,218.30130638063807,100067.0
96,144666.0,176.03636551155117,212.15905871837182,218.282174779978,100401.0
97,139500.0,175.94939493949394,212.14508732123213,218.2894561331133,100675.0
98,131729.0,175.72243536853685,212.13358429592958,218.2435506050605,100887.0
99,134066.0,175.7806311881188,212.13695682068206,218.30525646314632,101515.0
100,128591.0,175.84693000550055,212.13498693619363,218.22789122662266,106881.0
101,121262.0,175.9253747249725,212.12873693619363,218.22625825082508,108608.0
102,32725.0,175.8590690319032,212.1154909240924,218.1377406490649,115219.0
103,32695.0,175.94046685918593,212.12419898239824,218.2095915841584,124927.0
104,32109.0,175.89840140264027,212.1388441969197,218.19834639713972,132230.0
105,33932.0,175.83972428492848,212.10597841034104,218.12994705720573,137616.0
106,33303.0,175.91806243124313,212.10905871837184,218.1916597909791,148144.0
107,34619.0,175.84466102860287,212.12406834433443,218.1629400440044,146214.0
108,34085.0,175.84151883938395,212.10359598459846,218.12539191419143,151380.0
109,35295.0,175.79349903740373,212.10390882838283,218.09126443894388,159151.0
110,34814.0,175.7422957920792,212.02847222222223,218.06473116061605,156814.0
111,35889.0,175.73068275577558,212.02833127062706,218.0551945819582,162289.0
112,35278.0,175.73555418041803,212.02798748624863,218.05857054455444,169618.0
113,35722.0,175.54902709020902,212.00585808580857,218.0264301430143,258155.0
114,35147.0,175.56367918041803,211.99970090759075,218.04243330583057,258185.0
115,36135.0,175.54325495049505,212.02947607260725,218.07717615511552,258771.0
116,35312.0,175.58101278877888,212.02298886138612,218.09787197469748,256948.0
117,36580.0,175.5928905390539,212.06931724422444,218.15264370187018,257577.0
118,35777.0,175.60254400440044,212.07067863036303,218.1509935368537,256261.0
119,38091.0,175.56887376237623,212.02914260176019,218.0620358910891,256795.0
120,37938.0,175.5985079757976,212.0217409240924,218.09012995049505,255585.0
121,37950.0,175.68670242024203,212.06248624862485,218.1339796479648,256066.0
122,37262.0,175.6952660891089,212.06467271727172,218.13838696369638,254991.0
123,220509.0,175.71852654015402,212.15538366336634,218.20555899339934,255602.0
124,219220.0,175.7446713421342,212.14967684268427,218.22638201320132,255158.0
125,220244.0,175.84268426842684,212.23322676017602,218.32985423542354,255733.0
126,221200.0,175.8617299229923,212.24258800880088,218.33883388338833,254745.0
127,222058.0,175.9086289878988,212.32210877337735,218.41062637513753,255568.0
128,221898.0,175.90954345434542,212.32220159515953,218.41332164466448,254300.0
129,221499.0,176.23596672167216,212.50976003850386,218.6108670242024,255103.0
130,221617.0,176.23260794829483,212.50852929042904,218.611702420242,252789.0
131,221319.0,176.47704207920793,212.5589796479648,218.6401608910891,252942.0
132,221176.0,176.48736592409242,212.5606745049505,218.6427186468647,252930.0
133,221537.0,176.58000206270626,212.08607673267326,218.1821782178218,253618.0
134,221430.0,176.64541391639165,211.93241886688668,218.0390160891089,70371.0
135,221118.0,176.73088215071508,211.9751512651265,218.07446713421342,71660.0
136,220862.0,176.75128231573157,211.90080445544555,218.03830445544554,70636.0
137,221327.0,131.60562775027503,195.5868399339934,205.97718303080308,69680.0
138,225341.0,131.48788160066007,195.39101347634764,205.88583264576457,68822.0
139,229103.0,131.874027090209,195.35371287128712,205.6549092409241,68982.0
140,226947.0,132.6876959570957,195.5129641089109,205.57163435093508,69381.0
141,227290.0,133.11586564906492,195.24618055555555,205.51581064356435,69263.0
142,225847.0,132.9397242849285,195.1575907590759,205.37901883938395,69561.0
143,224413.0,132.6131635038504,194.12540910341033,205.13149064906492,69704.0
144,231446.0,132.5667216721672,193.93132219471948,205.04476760176019,69343.0
145,227511.0,135.01000756325632,193.95266776677667,205.0716137238724,69450.0
146,225203.0,135.0781043729373,194.00476141364138,205.11565937843784,69762.0
147,223209.0,136.5790257150715,194.12606916941695,205.50082164466446,70018.0
148,211673.0,136.56471397139714,194.1119086908691,205.48821507150714,69553.0
149,206248.0,137.0067347359736,195.67067175467548,207.45186331133112,65539.0
150,204869.0,137.0115717821782,195.88524477447746,207.51206339383938,61777.0
151,203448.0,136.39289741474147,196.10520489548955,208.20509832233222,63933.0
152,202353.0,138.61114892739275,197.39300742574258,210.2088043179318,63590.0
153,201434.0,141.5611626787679,196.3856745049505,209.00243399339934,65033.0
154,199768.0,137.74189700220023,194.3442312981298,208.58828382838283,66467.0
155,197860.0,137.8953142189219,193.40590621562157,206.934725660066,59434.0
156,138000.0,137.85036097359736,193.20399133663366,206.83298267326734,63369.0
157,120696.0,137.89809887238724,193.1952248349835,206.87159997249725,65677.0
158,109865.0,136.0400268151815,190.63944238173818,204.11422923542355,67671.0
159,101781.0,135.8138888888889,192.10979785478548,203.9010347909791,79207.0
160,239796.0,135.81341446644663,192.11015882838285,203.8995358910891,84632.0
161,206328.0,135.8141054730473,192.11052667766776,203.89558237073706,86011.0
162,236191.0,135.5917938668867,193.79309680968097,204.0805899339934,87432.0
163,235666.0,135.87153121562156,195.1589968371837,204.4656662541254,88527.0
164,234275.0,135.8710121012101,195.16000412541254,204.46261688668866,89446.0
165,232269.0,135.8714555830583,195.1598356710671,204.46328726622662,91112.0
166,233006.0,135.7137101210121,195.20065662816282,204.68312706270626,93020.0
167,230658.0,135.86265126512652,195.29580583058305,204.79058718371837,152880.0
168,231818.0,135.85757700770077,195.29813668866888,204.77818344334435,170184.0
169,231207.0,135.67857191969196,194.9761035478548,204.56508525852584,181015.0
170,229980.0,135.65138201320133,194.95463765126513,204.54681999449946,189099.0
171,229774.0,135.6504228547855,194.9545963971397,204.54496699669966,51084.0
172,229604.0,135.8752819031903,194.94384282178217,204.3917698019802,84552.0
173,228760.0,135.8767395489549,194.945073569857,204.3943000550055,54689.0
174,228556.0,157.30221053355336,182.82102585258525,191.5122799779978,55214.0
175,228181.0,156.94759350935092,182.98412747524753,191.5704689218922,56605.0
176,227872.0,156.94481573157316,182.98435093509352,191.56761551155117,58611.0
177,227358.0,156.95822332233223,182.9857157590759,191.58632769526952,57874.0
178,227025.0,156.38507288228823,182.94684405940595,191.7422786028603,60222.0
179,226773.0,156.18590484048406,182.94353341584159,191.92375550055004,59062.0
180,225409.0,157.17140745324534,183.51383388338834,191.97907384488448,59673.0
181,223006.0,157.18423748624863,183.51317381738173,191.99038091309131,60900.0
182,218995.0,157.48292766776677,183.5444960121012,191.72974766226622,61106.0
183,213722.0,157.75684130913092,183.64066625412542,191.70733635863587,61276.0
184,210375.0,157.7493846259626,183.63957989548956,191.7020214521452,62120.0
185,208335.0,157.86451457645765,183.636925880088,191.64754194169416,62324.0
186,206708.0,158.07659172167217,183.70270214521452,191.3658243949395,62699.0
187,204033.0,158.09930211771177,183.6996252750275,191.38343303080308,63008.0
188,201464.0,158.0914844609461,183.916501650165,191.42985767326732,63522.0
189,199728.0,158.10394664466446,183.91980885588558,191.44662059955996,63855.0
190,197220.0,158.0900336908691,183.92965484048406,191.43685024752475,64107.0
191,195108.0,158.10890401540155,183.94119224422442,191.45910341034104,65471.0
192,192747.0,157.8935540429043,183.9398102310231,191.62636826182617,67874.0
193,190172.0,157.8820819581958,183.92791529152916,191.61222153465346,71885.0
194,186070.0,157.8984839108911,183.91175742574256,191.61954757975798,77158.0
195,182780.0,157.85688600110012,183.71440456545653,191.5251512651265,80505.0
196,177833.0,157.85784172167217,183.7132253850385,191.52926292629263,82545.0
197,173470.0,158.07829001650165,183.70498143564356,191.35805830583058,84172.0
198,164910.0,158.09842546754675,183.70350660066006,191.37172373487348,86847.0
199,155928.0,158.01125550055005,183.55198707370738,191.1703176567657,89416.0
200,158713.0,158.0118227447745,183.55231710671066,191.17057205720573,91152.0
201,155990.0,158.04646589658967,183.66134488448844,191.22785341034103,93660.0
202,67326.0,157.98390745324534,183.71044416941695,191.17978204070408,95772.0
203,65527.0,157.95249587458747,183.69180418041805,191.13700151265127,98133.0
204,66902.0,157.7374724972497,183.68687431243126,191.3116405390539,100708.0
205,68793.0,157.7359357810781,183.68400715071508,191.31882907040705,104810.0
206,66044.0,157.8163710121012,183.67928011551155,191.36959570957094,108100.0
207,63112.0,157.84958745874587,183.5651643289329,191.34000618811882,113047.0
208,62284.0,157.86207714521453,183.56569719471946,191.34651402640264,117410.0
209,57359.0,157.82320544554455,183.64619430693068,191.4147036578658,125970.0
210,56802.0,158.04996218371838,183.63884075907592,191.25556243124313,134952.0
211,56110.0,158.10633594609462,183.70888338833885,191.36996699669967,132167.0
212,53231.0,158.1019801980198,183.70985286028602,191.367474559956,134890.0
213,52119.0,158.10379537953796,183.70868055555556,191.38118811881188,223554.0
214,51921.0,158.00437637513753,183.95829207920792,191.77878162816282,225353.0
215,51491.0,157.76911441144114,183.92968921892188,191.97738586358636,223978.0
216,51161.0,157.79507700770077,183.92484185918593,192.0049298679868,222087.0
217,49100.0,157.6957955170517,183.9288950770077,192.10141982948295,224836.0
218,49289.0,157.4230198019802,184.08564700220023,192.43431655665566,227768.0
219,49138.0,157.03617299229924,184.03005363036303,192.2176464521452,228596.0
220,49317.0,157.0328795379538,183.8307205720572,192.14279771727172,233521.0
221,49430.0,157.022975110011,183.83108498349836,192.12325357535752,234078.0
222,49189.0,157.01242436743675,183.8405184268427,192.1173404840484,234770.0
223,49156.0,157.0147449119912,183.86629881738173,192.10566556655667,237649.0
224,48765.0,157.21660134763476,183.83652709020902,191.941900440044,238761.0
225,48632.0,157.39417285478547,183.90883182068208,192.13344334433444,238959.0
226,48556.0,157.38953520352035,184.11459364686468,192.17985423542353,239389.0
227,48303.0,157.38130156765678,184.0627887788779,192.155277090209,239719.0
228,47867.0,157.35996974697468,184.06103204070408,192.1350316281628,241780.0
229,47808.0,157.39124724972498,184.0581648789879,192.15407728272828,241591.0
230,47595.0,157.1613551980198,184.02491405390538,192.3081614411441,241742.0
231,47411.0,157.1640882838284,184.02476622662266,192.31034790979098,241563.0
232,47431.0,157.10757356985698,184.03063806380638,192.2677839658966,241450.0
233,46906.0,157.09973872387238,183.93040429042904,192.24948776127613,241691.0
234,46828.0,157.0045998349835,183.79179730473047,192.10222772277228,241724.0
235,46527.0,157.03023239823983,183.84336496149615,192.11251031353135,242115.0
236,46061.0,157.25458608360836,183.83329207920792,191.9593509350935,242248.0
237,45587.0,157.25628781628163,183.8330101760176,191.9600110011001,242324.0
238,45212.0,157.29180761826183,183.83614548954895,192.01915222772277,242577.0
239,44824.0,157.2990305280528,183.83622799779977,192.0265401540154,243013.0
240,43981.0,157.4046445269527,184.096875,192.17674642464246,243072.0
241,43426.0,157.27672579757976,183.96658415841586,192.06885657315732,243285.0
242,42792.0,157.07619293179317,183.96370324532452,192.24317244224423,243469.0
243,39872.0,157.1373281078108,184.08130156765677,192.30177048954894,243449.0
244,39677.0,157.1522689768977,184.08241886688668,192.31712733773378,243974.0
245,37207.0,157.15588215071506,184.0870805830583,192.32137651265126,244052.0
246,36544.0,157.08416872937295,183.8944960121012,192.19605335533552,244353.0
247,34817.0,157.06627131463145,183.89113723872387,192.1690594059406,244819.0
248,31553.0,157.03101622662265,183.85720572057207,192.12925261276126,245293.0
249,30767.0,157.14458195819583,183.8573329207921,192.06541872937294,245668.0
250,29869.0,157.23997868536853,183.78313393839383,191.97019045654565,246056.0
251,22350.0,157.3405184268427,183.866326320132,192.04195544554455,246899.0
252,20321.0,157.36671479647964,184.07915635313532,192.11196025852584,247454.0
253,18307.0,157.36516776677666,184.08200976347635,192.10414260176017,248088.0
254,17688.0,157.37653671617161,184.0716584158416,192.12701801430143,251008.0
255,17069.0,157.4243846259626,184.11256188118813,192.1642601760176,251203.0
256,14892.0,157.16808305830583,184.0924917491749,192.30285684818483,253673.0
257,172914.0,157.11599284928494,184.05249931243125,192.2607157590759,254336.0
258,100984.0,157.08249106160616,184.0505500550055,192.22458402090209,256063.0
259,171372.0,157.05120668316832,183.85128575357535,192.13231573157316,259327.0
260,171957.0,157.01752268976898,183.8613139438944,192.1146177117712,260113.0
261,171349.0,157.01878437843786,183.86164741474147,192.11599628712872,261011.0
262,172878.0,157.23810162266227,183.8571472772277,191.95770764576457,268530.0
263,172215.0,157.23916735423543,183.85725041254125,191.95841584158416,270559.0
264,171952.0,157.23863792629263,183.856999449945,191.95791047854786,272573.0
265,172437.0,157.25536303630363,184.07241130363036,192.02094334433443,273192.0
266,173535.0,157.25366474147415,184.07256944444444,192.01997387238723,273811.0
267,171805.0,157.25628437843784,184.07243193069306,192.02041735423543,275988.0
268,171436.0,157.04433443344334,184.06453176567658,192.19373968646866,117966.0
269,171824.0,157.0452248349835,184.06474834983499,192.19504262926293,189896.0
270,173767.0,157.0435712321232,184.06387169966996,192.1924951870187,119508.0
271,172692.0,165.3584742849285,209.25824738723873,222.9988139438944,118923.0
272,172514.0,165.37627887788778,209.2546651540154,222.99785822332234,119531.0
273,173393.0,165.34514920242023,209.25465484048405,222.97875756325632,118002.0
274,173055.0,165.56110423542356,209.0455376787679,222.62201595159516,118665.0
275,174114.0,165.57547442244226,209.0410478547855,222.62925605060505,118928.0
276,173901.0,165.5104510451045,208.76900096259627,222.3173232948295,118443.0
277,173492.0,165.4745805830583,208.49868674367437,222.0567106710671,117345.0
278,173366.0,165.5128094059406,208.70842271727173,222.14409722222223,119075.0
279,172542.0,165.28214727722772,208.00054317931793,221.42578382838283,119444.0
280,172366.0,165.19678217821783,207.84469884488448,221.28788503850384,119056.0
281,171740.0,164.8648514851485,207.68670585808582,221.28627612761275,117113.0
282,171516.0,164.89494293179317,207.67664328932892,221.3211221122112,118188.0
283,171532.0,164.56218715621563,207.50737761276127,221.16463146314632,118366.0
284,169971.0,164.33771314631463,207.2119499449945,221.074075220022,117487.0
285,169314.0,164.14709845984598,207.12301636413642,221.0286303630363,117825.0
286,168592.0,164.1617952420242,207.1211289878988,221.04172167216723,116766.0
287,166905.0,163.71291254125413,206.83127750275028,221.03786441144115,116979.0
288,166313.0,163.94266364136413,206.81292629262927,220.88181036853686,117388.0
289,165554.0,163.62771245874586,206.7835842959296,220.95870462046204,117514.0
290,165056.0,163.62745462046203,206.7903602860286,220.96145145764575,118338.0
291,164812.0,163.76854029152915,206.99076938943895,221.0842684268427,118514.0
292,165093.0,163.7533656490649,206.98980679317933,221.0770695819582,119140.0
293,164804.0,163.39997249724973,206.61683855885587,221.0061159240924,119364.0
294,165668.0,163.15666254125412,206.62866130363037,221.17273789878988,119348.0
295,167948.0,162.82247662266226,206.25527709020903,221.07161716171618,120909.0
296,168273.0,162.8505947469747,206.24893426842684,221.0754434818482,121566.0
297,169435.0,162.70025783828382,205.82509625962595,220.91808305830583,122288.0
298,168816.0,162.58352929042906,205.7552358360836,220.8923198569857,123975.0
299,168621.0,162.55813737623762,205.76034790979097,220.8735423542354,124567.0
300,166370.0,162.74800605060506,205.75480954345434,220.86369980748074,125326.0
301,165592.0,162.7968921892189,205.70769389438945,220.72941419141915,125824.0
302,164689.0,162.8383594609461,205.75121699669967,220.73560231023103,126068.0
303,166169.0,162.81401608910892,205.96671135863588,220.78382150715072,125787.0
304,166941.0,162.83729372937293,205.96427392739275,220.8067553630363,126076.0
305,166909.0,162.66565594059406,205.9785478547855,220.7720950220022,125212.0
306,166691.0,162.48731091859185,205.99350247524754,220.88975866336634,122932.0
307,166076.0,162.4845778327833,205.99522139713972,220.88688806380637,122607.0
308,165667.0,162.52798748624863,206.00255775577557,220.8981263751375,121445.0
309,165004.0,162.42310574807482,205.89021933443345,220.78409997249724,122064.0
310,163777.0,162.51195682068206,205.57637513751376,220.64020214521452,122259.0
311,40965.0,162.10561743674367,205.47681174367438,220.54418660616062,124510.0
312,40698.0,161.72575632563257,205.54387720022,220.7923232948295,125288.0
313,40631.0,161.2226691419142,205.46857466996698,220.48492161716172,126191.0
314,40576.0,160.88008800880087,205.88524477447746,220.76488586358636,124711.0
315,40233.0,160.56362761276128,206.45337940044004,221.249250550055,123939.0
316,40162.0,160.53947676017603,206.63836633663365,221.3363139438944,123971.0
317,39991.0,160.2401368261826,206.76133113311332,221.3077454620462,124189.0
318,39917.0,160.47732398239825,206.67761276127612,221.2228204070407,124804.0
319,39824.0,160.51625756325632,206.69103754125413,221.1857432618262,125213.0
320,39753.0,160.55560024752475,206.71372387238725,221.19508732123214,125876.0
321,39735.0,160.4308546479648,206.659598459846,221.11198088558857,127103.0
322,39011.0,160.43896795929592,206.62908759625964,221.12146933443344,249915.0
323,38832.0,160.40920310781078,206.57265882838283,221.0780803080308,250182.0
324,38703.0,160.426227310231,206.58165222772277,221.08238105060505,250249.0
325,38676.0,160.413551980198,206.59268083058305,221.06254812981297,250304.0
326,38543.0,160.38425467546756,206.5974525577558,221.05755981848185,250647.0
327,38247.0,160.3837768151815,206.59120255775576,221.06594471947196,250718.0
328,38253.0,160.3708195819582,206.59637995049505,221.05574119911992,250889.0
329,38176.0,160.3948260451045,206.626976760176,221.08247043454347,250963.0
330,37955.0,160.40431449394939,206.62395145764577,221.09126787678767,251056.0
331,37446.0,160.41101141364138,206.634598459846,221.10663503850384,251127.0
332,37291.0,160.41204276677666,206.63473253575359,221.10813393839385,251145.0
333,35921.0,160.36468646864685,206.61913160066007,221.05675192519251,251869.0
334,35774.0,160.38018426842683,206.61506119361937,221.06717546754675,252048.0
335,34258.0,160.3887135588559,206.62920792079208,221.07705926842684,252177.0
336,34070.0,160.39010932343234,206.62912197469748,221.07835877337735,252204.0
337,32582.0,160.2848356710671,206.68934268426844,221.18153190319032,252337.0
338,31550.0,160.17630981848185,206.6725144389439,221.23234323432342,252633.0
339,31279.0,160.11985354785477,206.62051705170518,221.18781284378437,252627.0
340,30726.0,160.24173886138612,206.6331648789879,221.14708470847086,252704.0
341,29428.0,160.3571128987899,206.62010794829482,221.0493364961496,252925.0
342,28009.0,160.36913503850386,206.61345915841585,221.05245462046204,253434.0
343,27289.0,160.36744361936195,206.61237623762375,221.05535272277228,253589.0
344,165694.0,160.36912816281628,206.61303974147415,221.05599216171618,254959.0
345,60928.0,160.32943481848184,206.5853650990099,221.02484185918593,255106.0
346,163833.0,160.33510038503852,206.58372524752474,221.02982673267326,256622.0
347,163500.0,160.37590759075908,206.62707301980197,221.07079895489548,256810.0
348,163545.0,160.3764301430143,206.62708677117712,221.07160341034103,258298.0
349,163542.0,160.3466549779978,206.60298061056105,221.02995049504952,259330.0
350,162664.0,160.35608154565458,206.6153877887789,221.0441900440044,259601.0
351,163686.0,160.3556999449945,206.615274339934,221.04370187018702,260154.0
352,163152.0,160.35619499449945,206.61539466446644,221.04424161166116,261452.0
353,162430.0,160.3988311331133,206.66194306930694,221.0930658690869,262871.0
354,161123.0,160.39433787128712,206.64912678767877,221.07985423542354,263591.0
355,160831.0,160.39273239823981,206.64981779427941,221.0761860561056,125186.0
356,160617.0,160.3928527227723,206.6499553080308,221.07688393839385,229952.0
357,160236.0,160.38775096259627,206.6603032178218,221.11381669416943,127047.0
358,160112.0,155.99697469746974,205.2808305830583,198.46400577557756,127380.0
359,160076.0,156.02524752475247,205.2497799779978,198.47173748624863,127335.0
360,159956.0,155.99059749724972,205.25821644664467,198.44669279427941,127338.0
361,159900.0,155.99811606160617,205.25850866336634,198.45765264026403,128216.0
362,159910.0,156.0146589658966,205.2722944169417,198.41743330583057,127194.0
363,159830.0,155.6476450770077,205.35199738723873,198.67322607260726,127728.0
364,160006.0,155.67697332233223,205.34451320132013,198.7049951870187,128450.0
365,159951.0,155.05206270627062,205.32525096259627,198.93663022552255,129757.0
366,159971.0,155.04851141364136,205.36910753575359,198.9759213421342,130049.0
367,159911.0,155.65055693069306,205.38875825082508,198.7236798679868,130263.0
368,159755.0,156.01866405390538,205.1741199119912,198.41975385038504,130644.0
369,159498.0,155.95336908690868,205.1807893289329,198.335650440044,130768.0
370,159407.0,155.9621252750275,205.20351347634764,198.35816144114412,130804.0
371,159320.0,155.95837114961495,205.16230748074807,198.29072469746976,130924.0
372,159158.0,155.97565319031904,205.15635657315732,198.3085808580858,130980.0
373,158898.0,155.94530046754676,205.16334914741475,198.27922854785479,130970.0
374,158683.0,155.94412128712872,205.27724147414742,198.4018289328933,131050.0
375,158555.0,155.9754159790979,205.30455170517052,198.43254262926294,130874.0
376,158442.0,156.02428149064906,205.22636138613862,198.35789672717272,130929.0
377,158515.0,155.97743743124312,205.20602654015403,198.3127165841584,130909.0
378,158677.0,156.0178045929593,205.24685781078108,198.41329070407042,130969.0
379,158220.0,155.99556518151815,205.25103135313532,198.4033897139714,131125.0
380,157994.0,155.96122799779977,205.24452695269528,198.41327351485148,131382.0
381,157811.0,155.9157625137514,205.27241817931792,198.39563050055006,131473.0
382,157437.0,155.97197813531352,205.2858876512651,198.4156937568757,131560.0
383,157153.0,155.93714246424642,205.29309680968097,198.38437156215622,131722.0
384,156888.0,155.92745805830583,205.2536750550055,198.35226553905392,131982.0
385,156632.0,155.9363105060506,205.2506360011001,198.35884557205722,132197.0
386,156201.0,155.9620393289329,205.27955170517052,198.34935024752474,132325.0
387,133136.0,155.98596672167216,205.27135588558855,198.33992367986798,132438.0
388,125878.0,155.98350522552255,205.27230816831684,198.335777640264,132365.0
389,131561.0,155.98590827832783,205.21297786028603,198.29079001650166,132203.0
390,131398.0,155.96969540704072,205.2139954620462,198.2831408140814,132660.0
391,131270.0,155.98608017051706,205.29359873487348,198.37010451045106,132886.0
392,131168.0,156.00659034653467,205.29218234323432,198.3706648789879,133069.0
393,130543.0,155.98629675467546,205.29361248624863,198.37019389438944,133443.0
394,130211.0,155.96611661166116,205.28002612761276,198.33454345434544,133727.0
395,129862.0,155.97172717271727,205.27966859185918,198.33480816831684,133992.0
396,129735.0,155.99639026402642,205.30818894389438,198.35393633113313,134248.0
397,129223.0,155.9912885038504,205.30813737623762,198.353650990099,134679.0
398,119052.0,155.93724559955996,205.27164122662265,198.3434852860286,157744.0
399,118996.0,155.9164397689769,205.27296479647964,198.36759144664467,165002.0
400,118928.0,155.90756325632563,205.27531628162816,198.3715484048405,159319.0
401,118865.0,173.76992918041805,212.6456820682068,213.17303355335534,159482.0
402,118796.0,173.8547717271727,212.64164603960396,213.2451388888889,159610.0
403,118759.0,173.84056311881187,212.63770970847085,213.22998831133114,159712.0
404,118754.0,173.84537266226621,212.6350831958196,213.2321094609461,160337.0
405,118763.0,173.81473803630362,212.68678836633663,213.25293935643563,160669.0
406,118646.0,173.77974078657866,212.6755053630363,213.2190181518152,161018.0
407,118592.0,173.85747387238723,212.63623487348735,213.35095915841583,161145.0
408,118560.0,173.8120118261826,212.63357054455446,213.31607879537952,161657.0
409,118418.0,173.81642945544556,212.62763682618262,213.34750756325633,171828.0
410,118392.0,173.65816831683168,212.59090690319033,213.26031353135315,171884.0
411,118379.0,173.7338868261826,212.57287541254126,213.2666804180418,171952.0
412,118363.0,173.73403121562157,212.57283072057206,213.26672167216722,172015.0
413,118333.0,173.73482879537954,212.56656353135313,213.26736111111111,172084.0
414,118246.0,173.69342684268426,212.56309474697468,213.24298679867988,172121.0
415,118200.0,173.7059371562156,212.54065250275028,213.2385313531353,172126.0
416,118108.0,173.68518289328932,212.547576320132,213.2145902090209,172117.0
417,118034.0,173.69261551155117,212.5454689218922,213.2237211221122,172234.0
418,117839.0,173.68475660066008,212.54768633113312,213.21556655665566,172288.0
419,117780.0,173.59812637513753,212.53920860836084,213.23867230473047,172320.0
420,117616.0,173.5613586358636,212.52565319031902,213.32221878437844,172462.0
421,117426.0,173.52050330033003,212.5433787128713,213.29131944444444,172488.0
422,117199.0,173.60885588558855,212.54475385038504,213.25858429592958,172501.0
423,117069.0,173.70654909240923,212.53871699669966,213.2440800330033,172517.0
424,116902.0,173.69688187568758,212.53979647964798,213.23958333333334,172547.0
425,116767.0,173.7042698019802,212.5463043179318,213.24703314081407,172634.0
426,116475.0,173.69022277227722,212.5499724972497,213.22975797579758,172680.0
427,116485.0,173.69468853135314,212.54974559955997,213.23689837733772,172772.0
428,116106.0,173.7104132288229,212.54714658965898,213.24963902640263,172846.0
429,115514.0,173.7167698019802,212.55161578657865,213.2491199119912,173041.0
430,115172.0,173.72190937843786,212.55229991749175,213.25187706270626,173100.0
431,116734.0,173.65146452145214,212.51622662266226,213.18716309130915,173264.0
432,117247.0,173.72034172167216,212.5068481848185,213.23549229922992,173454.0
433,116746.0,173.70744293179317,212.49873143564358,213.21009694719473,173681.0
434,116380.0,173.71043729372937,212.49863517601761,213.21373418591858,173811.0
435,115977.0,173.6878953520352,212.5008353960396,213.20246837183717,173978.0
436,114186.0,173.69785134763475,212.4988345709571,213.21398514851487,174113.0
437,115188.0,173.6987658140814,212.50287403740373,213.21241749174916,174405.0
438,114138.0,173.70029565456545,212.50303905390538,213.21291597909791,174395.0
439,114828.0,173.67769526952696,212.50843646864686,213.19973184818483,174774.0
440,113952.0,173.6937293729373,212.5051292629263,213.20947813531353,175366.0
441,37449.0,174.18849353685368,212.67758869636964,213.3433959020902,175708.0
442,36409.0,174.18852791529153,212.67743399339935,213.3437534378438,174146.0
443,38096.0,174.4496699669967,212.71244499449946,213.38951457645766,173633.0
444,37733.0,174.43035272277228,212.71537403740373,213.37400646314632,174134.0
445,36656.0,174.3250928217822,212.4553871012101,213.41349353685368,174500.0
446,34261.0,174.3549711221122,212.34672373487348,213.47873349834984,174903.0
447,34990.0,174.35174986248626,212.34640745324532,213.476450770077,176694.0
448,33469.0,174.35331064356436,212.34697813531352,213.47694925742573,175692.0
449,35065.0,174.21822400990098,212.29865236523653,213.43543041804182,176742.0
450,32950.0,174.21757425742575,212.29906146864687,213.4374793729373,176052.0
451,33727.0,174.2225316281628,212.3458608360836,213.44607398239825,176928.0
452,32756.0,174.22126993949394,212.34598803630362,213.4449841859186,253431.0
453,33936.0,174.46591034103412,212.44871080858087,213.47351141364138,254471.0
454,33019.0,174.45477172717273,212.4508319581958,213.46105610561057,252784.0
455,33737.0,174.67508250825082,212.54264645214522,213.45381600660065,253147.0
456,32664.0,174.6715862211221,212.54213421342135,213.45107260726073,254224.0
457,33618.0,174.79457852035205,212.7359598459846,213.57255225522553,256619.0
458,32791.0,174.60000687568757,212.80177736523652,213.46182962046205,255890.0
459,33876.0,174.61050605060507,212.7984804730473,213.47226003850386,257411.0
460,32990.0,174.6025302530253,212.80067037953796,213.46628162816282,255815.0
461,33155.0,174.38836633663365,212.88590140264026,213.48989273927393,257930.0
462,32643.0,174.3849663091309,212.88751031353135,213.48608017051706,257153.0
463,32265.0,174.06808305830583,213.01580720572056,213.44782384488448,258124.0
464,31856.0,174.08775096259626,213.0138648239824,213.4638648239824,256944.0
465,32567.0,173.83814287678769,212.99965965346536,213.4505294279428,257861.0
466,32144.0,173.8406662541254,212.99998968646864,213.4548851760176,257143.0
467,33933.0,173.400924779978,213.07331201870187,213.35736729922994,258216.0